{"minAmplitude":0.005002474412322044,"maxAmplitude":0.4533367156982422,"minFrequency":143.74757385253907,"maxFrequency":450.44305419921877,"frequencyMagnitude":0.25,"expressivenessMagnitude":0.5,"randomnessMagnitude":0.5,"intensityMagnitude":1.0,"modulationMagnitude":1.0}