{"minAmplitude":0.0050009312108159069,"maxAmplitude":0.1477450430393219,"minFrequency":86.06192016601563,"maxFrequency":327.11456298828127,"frequencyMagnitude":0.25,"expressivenessMagnitude":0.5,"randomnessMagnitude":0.5,"intensityMagnitude":1.0,"modulationMagnitude":1.0}